ing,ment,ly,ed,ish,less,like,most,ments,ally,ness,ful
sing,cement,worldly,embed,fish,bless,like,most,,tally,unhappiness,
fling,environment,fly,rugged,wish,,,,,,,
being,comment,really,need,swish,,,,,,,
ring,equipment,belly,creed,abolish,,,,,,,
bling,statement,lilly,heed,,,,,,,,
wing,document,folly,led,,,,,,,,
ping,moment,lolly,red,,,,,,,,
thing,implement,bully,fed,,,,,,,,
during,parliament,rally,bed,,,,,,,,
using,experiment,unduly,wed,,,,,,,,
something,instrument,momentarily,fried,,,,,,,,
making,assignment,family,pinned,,,,,,,,
anything,segment,lonely,,,,,,,,,
nothing,supplement,curly,,,,,,,,,
bring,testament,frankly,,,,,,,,,
according,tournament,willy,,,,,,,,,
morning,complement,,,,,,,,,,
regarding,sentiment,,,,,,,,,,
meaning,entitlement,,,,,,,,,,
setting,apartment,,,,,,,,,,
king,fragment,,,,,,,,,,
willing,regiment,,,,,,,,,,
holding,monument,,,,,,,,,,
spring,sediment,,,,,,,,,,
missing,compliment,,,,,,,,,,
ongoing,garment,,,,,,,,,,
facing,pavement,,,,,,,,,,
amazing,compartment,,,,,,,,,,
handling,detriment,,,,,,,,,,
underlying,placement,,,,,,,,,,
string,ornament,,,,,,,,,,
clothing,ailment,,,,,,,,,,
rating,pigment,,,,,,,,,,
ruling,embodiment,,,,,,,,,,
heading,clement,,,,,,,,,,
wedding,predicament,,,,,,,,,,
upcoming,increment,,,,,,,,,,
striking,,,,,,,,,,,
overwhelming,,,,,,,,,,,
pending,,,,,,,,,,,
ceiling,,,,,,,,,,,
boring,,,,,,,,,,,
swing,,,,,,,,,,,
beijing,,,,,,,,,,,
sampling,,,,,,,,,,,
lightning,,,,,,,,,,,
dining,,,,,,,,,,,
forthcoming,,,,,,,,,,,
disturbing,,,,,,,,,,,
incoming,,,,,,,,,,,
prevailing,,,,,,,,,,,
stunning,,,,,,,,,,,
unwilling,,,,,,,,,,,
coping,,,,,,,,,,,
offspring,,,,,,,,,,,
amusing,,,,,,,,,,,
thanksgiving,,,,,,,,,,,
wyoming,,,,,,,,,,,
trafficking,,,,,,,,,,,
notwithstanding,,,,,,,,,,,
dwelling,,,,,,,,,,,
refreshing,,,,,,,,,,,
starring,,,,,,,,,,,
swelling,,,,,,,,,,,
boeing,,,,,,,,,,,
recurring,,,,,,,,,,,
impending,,,,,,,,,,,
zoning,,,,,,,,,,,
peacekeeping,,,,,,,,,,,
daunting,,,,,,,,,,,
sterling,,,,,,,,,,,
outgoing,,,,,,,,,,,
viking,,,,,,,,,,,
kidding,,,,,,,,,,,
chilling,,,,,,,,,,,
neighbouring,,,,,,,,,,,
speeding,,,,,,,,,,,
storytelling,,,,,,,,,,,
ensuing,,,,,,,,,,,
appalling,,,,,,,,,,,
tying,,,,,,,,,,,
bedding,,,,,,,,,,,
adjoining,,,,,,,,,,,
unfolding,,,,,,,,,,,
plumbing,,,,,,,,,,,
bestselling,,,,,,,,,,,
uprising,,,,,,,,,,,
looming,,,,,,,,,,,
sibling,,,,,,,,,,,
plotting,,,,,,,,,,,
stirling,,,,,,,,,,,
profiling,,,,,,,,,,,
puzzling,,,,,,,,,,,
turing,,,,,,,,,,,
gripping,,,,,,,,,,,
pudding,,,,,,,,,,,
sting,,,,,,,,,,,
cling,,,,,,,,,,,
dazzling,,,,,,,,,,,
debilitating,,,,,,,,,,,
padding,,,,,,,,,,,
flooring,,,,,,,,,,,
upbringing,,,,,,,,,,,
looting,,,,,,,,,,,
fledgling,,,,,,,,,,,
darling,,,,,,,,,,,
overarching,,,,,,,,,,,
budding,,,,,,,,,,,
siding,,,,,,,,,,,
bridging,,,,,,,,,,,
herring,,,,,,,,,,,
uplifting,,,,,,,,,,,
housekeeping,,,,,,,,,,,
glazing,,,,,,,,,,,
paving,,,,,,,,,,,